id,title,description,image_link,link,google_product_category,brand,price,availability,item_group_id,additional_image_link,sale_price,sale_price_effective_date,condition,age_group,color,gender,material,pattern
177,"ALLURING  TURQUOISE EARRINGS","These elegant earrings studded with turquoise and stones are a beautiful addition to go with your saree or dress. Pair it with our Alluring Peacock Turquoise necklace, or flaunt it solo. ","https://poeticajewels.com/image/catalog/products/Earrings/ER479/645A8095.jpg","https://poeticajewels.com/index.php?route=product/product&product_id=177","Tara","Poetica jewels | Poetry in jewellery",4450.00 INR,in stock,177,"https://poeticajewels.com/image/catalog/products/Earrings/ER479/645A8087.jpg","","",new,,,,,
163,"ALLURING CHOKER WITH INTRICATE FLORAL MOTIFS WITH RUBY RED DROPS","Some know you as subtle and some as bold same is true about this bold choker with subtle intricate floral motifs with ruby red drops. Pair it with your off-shoulder dress for that stunning Diva look for a cocktail party or go traditional to wear with Lehenga. Your Bridal collection looks chic when you pair it with matching earrings.","https://poeticajewels.com/image/catalog/products/Necklaces/NP307/645A8059_2.jpg","https://poeticajewels.com/index.php?route=product/product&product_id=163","Tara","Poetica jewels | Poetry in jewellery",49450.00 INR,in stock,163,"https://poeticajewels.com/image/catalog/products/Necklaces/NP307/645A8069.jpg,https://poeticajewels.com/image/catalog/products/Necklaces/NP307/645A8067.jpg","","",new,,,,,
150,"ALLURING PEACOCK TURQUOISE NECKLACE","This elegant necklace with the intricate design of magnificent Peacocks studded with turquoise and stones is a beautiful addition to go with your saree or dress. The Peacocks symbolise royalty, honor, and majestic beauty. This necklace is reflective of your outer as well as inner beauty. Pair it with our Alluring Turquoise Earrings, or flaunt it solo.","https://poeticajewels.com/image/catalog/products/Necklaces/NP282/645A8074_2.jpg","https://poeticajewels.com/index.php?route=product/product&product_id=150","Tara","Poetica jewels | Poetry in jewellery",24450.00 INR,in stock,150,"https://poeticajewels.com/image/catalog/products/Necklaces/NP282/645A8087.jpg","","",new,,,,,
127,"AMBIYAN DANGLERS IN DUAL TONE","The creamy pearls and glistening Golden beads come together beautifully in dual tone of silver and gold to add charm to your alluring beauty. Complements your pick for a Saree or a dress, when you wear it on any auspicious occasion. ","https://poeticajewels.com/image/catalog/products/Earrings/ER 531 (Ambiyan Danglers in Dual Tone)/645A4503.jpg","https://poeticajewels.com/index.php?route=product/product&product_id=127","Tara","Poetica jewels | Poetry in jewellery",11450.00 INR,in stock,127,"https://poeticajewels.com/image/catalog/products/Earrings/ER 531 (Ambiyan Danglers in Dual Tone)/645A4516.jpg,https://poeticajewels.com/image/catalog/products/Earrings/ER 531 (Ambiyan Danglers in Dual Tone)/645A4514.jpg,https://poeticajewels.com/image/catalog/products/Earrings/ER 531 (Ambiyan Danglers in Dual Tone)/645A4511.jpg,https://poeticajewels.com/image/catalog/products/Earrings/ER 531 (Ambiyan Danglers in Dual Tone)/645A4507.jpg","","",new,,,,,
135,"Ambiyan Necklace with Intricate Centerpiece","This necklace is a piece of art with an intricately designed central flower and Ambiyan in a row, embedded with radiant mulicolour crystals. Ambiyan are associated with prosperity and purity, making it ideal for your glorious Bridal wear and on auspicious occasions.","https://poeticajewels.com/image/catalog/newnacklaces/NP489/645A8170.jpg","https://poeticajewels.com/index.php?route=product/product&product_id=135","Tara","Poetica jewels | Poetry in jewellery",79450.00 INR,in stock,135,"https://poeticajewels.com/image/catalog/newnacklaces/NP489/645A8197.jpg,https://poeticajewels.com/image/catalog/newnacklaces/NP489/645A8196.jpg,https://poeticajewels.com/image/catalog/newnacklaces/NP489/645A8194.jpg,https://poeticajewels.com/image/catalog/newnacklaces/NP489/645A8181.jpg","","",new,,,,,
178,"BEADED PEACOCK EARRINGS WITH RUBY RED FLOWER","The Peacock symbolises prosperity and love. Pair these earrings with our Beaded Peacock necklace with Fish motif, or flaunt it solo. ","https://poeticajewels.com/image/catalog/products/Earrings/ER480/645A7988.jpg","https://poeticajewels.com/index.php?route=product/product&product_id=178","Tara","Poetica jewels | Poetry in jewellery",5450.00 INR,in stock,178,"https://poeticajewels.com/image/catalog/products/Earrings/ER480/645A7983.jpg,https://poeticajewels.com/image/catalog/products/Earrings/ER480/645A7968_2.jpg","","",new,,,,,
167,"BEADED PEACOCK NECKLACE WITH FISH MOTIF","As the Peacock symbolises prosperity and love Fish is associated with regeneration and perfect Harmony making it ideal for gifting on Weddings and Baby Showers. The long string of creamy beads makes it easy to wear and versatile to go with your choice of attire. Pair it with our Beaded Peacock with Ruby red flower Earrings, or flaunt it solo.","https://poeticajewels.com/image/catalog/products/Necklaces/NP314/645A7970_2.jpg","https://poeticajewels.com/index.php?route=product/product&product_id=167","Tara","Poetica jewels | Poetry in jewellery",39450.00 INR,in stock,167,"https://poeticajewels.com/image/catalog/products/Necklaces/NP314/645A7989.jpg,https://poeticajewels.com/image/catalog/products/Necklaces/NP314/645A7982.jpg,https://poeticajewels.com/image/catalog/products/Necklaces/NP314/645A7978_2.jpg","","",new,,,,,
189,"BEAT THE BLUES EARRINGS","These brilliant blue enamel earrings with rosy red dangling drops add a royal touch to your look for a cocktail party.","https://poeticajewels.com/image/catalog/products/Earrings/ER530/645A7757.jpg","https://poeticajewels.com/index.php?route=product/product&product_id=189","Tara","Poetica jewels | Poetry in jewellery",12450.00 INR,in stock,189,"https://poeticajewels.com/image/catalog/products/Earrings/ER530/645A7767.jpg,https://poeticajewels.com/image/catalog/products/Earrings/ER530/645A7759.jpg","","",new,,,,,
201,"BIG HOOP EARRINGS","Make a bold statement in your circle of friends and colleagues when you wear these Hoop Earrings to your office or a party.","https://poeticajewels.com/image/catalog/products/Earrings/ER030/P1_2.jpg","https://poeticajewels.com/index.php?route=product/product&product_id=201","Jiya","Poetica jewels | Poetry in jewellery",3450.00 INR,in stock,201,"https://poeticajewels.com/image/catalog/products/Earrings/ER030/P1_3.jpg,https://poeticajewels.com/image/catalog/products/Earrings/ER030/P1_1.jpg","","",new,,,,,
199,"BLACK SPINEL ZIRCONIUM DANGLERS ","This stone is associated with true love that is putting your ego aside and becoming devoted to one another. A perfect gift for your beloved and ideal for party wear.","https://poeticajewels.com/image/catalog/products/Earrings/ER545/645A4571.jpg","https://poeticajewels.com/index.php?route=product/product&product_id=199","Tara","Poetica jewels | Poetry in jewellery",4950.00 INR,in stock,199,"https://poeticajewels.com/image/catalog/products/Earrings/ER545/645A4578.jpg,https://poeticajewels.com/image/catalog/products/Earrings/ER545/645A4576.jpg,https://poeticajewels.com/image/catalog/products/Earrings/ER545/645A4574.jpg","","",new,,,,,
130,"BLOOMING FLOWER AND MOON DANGLERS","This Green Onyx Flower blooming with purity and the golden halo of shining moon adds glow to your presence. Perfect for any auspicious occasion as green onyx is associated with positivity and strength.","https://poeticajewels.com/image/catalog/products/Earrings/ER 543 (Blooming Flower and Moon Danglers)/645A4321.jpg","https://poeticajewels.com/index.php?route=product/product&product_id=130","Tara","Poetica jewels | Poetry in jewellery",9450.00 INR,in stock,130,"https://poeticajewels.com/image/catalog/products/Earrings/ER 543 (Blooming Flower and Moon Danglers)/645A4325.jpg,https://poeticajewels.com/image/catalog/products/Earrings/ER 543 (Blooming Flower and Moon Danglers)/645A4324.jpg,https://poeticajewels.com/image/catalog/products/Earrings/ER 543 (Blooming Flower and Moon Danglers)/645A4323.jpg","","",new,,,,,
184,"BLOOMING LOTUS AND PEARLS EARRINGS","Show your playful side with these Dual tone flirtatious Blooming Lotus and Pearls Earrings. It would make everyone surrender to your charm.","https://poeticajewels.com/image/catalog/products/Earrings/ER525/645A4461.jpg","https://poeticajewels.com/index.php?route=product/product&product_id=184","Tara","Poetica jewels | Poetry in jewellery",9450.00 INR,in stock,184,"https://poeticajewels.com/image/catalog/products/Earrings/ER525/645A4471.jpg,https://poeticajewels.com/image/catalog/products/Earrings/ER525/645A4466.jpg,https://poeticajewels.com/image/catalog/products/Earrings/ER525/645A4464.jpg","","",new,,,,,
196,"BLOOMING ROSE EARRINGS","Wherever life plants you, bloom with grace with these blooming Rose earrings. Bonus point is their versatility to pair with your ethnic or modern attire. The detailing of craftsmanship would get everyone admiring your style statement.","https://poeticajewels.com/image/catalog/products/Earrings/ER540/645A4472.jpg","https://poeticajewels.com/index.php?route=product/product&product_id=196","Tara","Poetica jewels | Poetry in jewellery",5950.00 INR,in stock,196,"https://poeticajewels.com/image/catalog/products/Earrings/ER540/645A4487.jpg,https://poeticajewels.com/image/catalog/products/Earrings/ER540/645A4480.jpg,https://poeticajewels.com/image/catalog/products/Earrings/ER540/645A4477.jpg,https://poeticajewels.com/image/catalog/products/Earrings/ER540/645A4476.jpg","","",new,,,,,
124,"BLUE EARRINGS WITH PEARLS","As blue as a clear sky, these blue hoop earrings are adorned with creamy pearls, giving you a look as fresh as a flower in a garden. Perfect for day wear, subtle and elegant, adding to your grace when you pair it with a Saree or a dress.","https://poeticajewels.com/image/catalog/products/Earrings/ER 516 (Blue Earrings with Pearls)/645A4361.jpg","https://poeticajewels.com/index.php?route=product/product&product_id=124","Tara","Poetica jewels | Poetry in jewellery",6950.00 INR,in stock,124,"https://poeticajewels.com/image/catalog/products/Earrings/ER 516 (Blue Earrings with Pearls)/645A4368.jpg,https://poeticajewels.com/image/catalog/products/Earrings/ER 516 (Blue Earrings with Pearls)/645A4366.jpg,https://poeticajewels.com/image/catalog/products/Earrings/ER 516 (Blue Earrings with Pearls)/645A4364.jpg","","",new,,,,,
204,"BLUE PLANET EARRINGS","These Drop Earrings studded with Copper Turqouise reflect your love for nature. Let everyone ask you from where you got these.","https://poeticajewels.com/image/catalog/products/Earrings/ER089/P4_1.jpg","https://poeticajewels.com/index.php?route=product/product&product_id=204","Jiya","Poetica jewels | Poetry in jewellery",3950.00 INR,in stock,204,"https://poeticajewels.com/image/catalog/products/Earrings/ER089/645A0131-1125.jpg,https://poeticajewels.com/image/catalog/products/Earrings/ER089/645A0128-1125.jpg,https://poeticajewels.com/image/catalog/products/Earrings/ER089/645A0130-1125.jpg","","",new,,,,,
192,"CHAND BALI EARRINGS","No love song is complete without lover’s crush on the Chand Bali of his beloved. Make him swoon with your mesmerising beauty with these Chand Bali Earrings on your Sangeet ceremony or a romantic evening.","https://poeticajewels.com/image/catalog/products/Earrings/ER534/645A4380.jpg","https://poeticajewels.com/index.php?route=product/product&product_id=192","Tara","Poetica jewels | Poetry in jewellery",15450.00 INR,in stock,192,"https://poeticajewels.com/image/catalog/products/Earrings/ER534/645A4385.jpg,https://poeticajewels.com/image/catalog/products/Earrings/ER534/645A4381.jpg","","",new,,,,,
176,"CHANDA TARA HOOP DANGLERS","Glow like a full moon with these Chanda Hoop Danglers for an evening of romance. Pair it with our Chanda Tara Long necklace, or flaunt it solo.","https://poeticajewels.com/image/catalog/products/Earrings/ER474/645A8133.jpg","https://poeticajewels.com/index.php?route=product/product&product_id=176","Tara","Poetica jewels | Poetry in jewellery",4450.00 INR,in stock,176,"https://poeticajewels.com/image/catalog/products/Earrings/ER474/645A8115_2.jpg","","",new,,,,,
165,"CHANDA TARA LONG NECKLACE","As the moon and the stars complete each other this Chanda Tara necklace is perfect to go with your traditional or modern attire. He would be blown away by your charm and alluring beauty when you combine it with your dress on Karwa Chauth. Pair it with our Chanda Tara Hoop Danglers, or flaunt it solo.","https://poeticajewels.com/image/catalog/products/Necklaces/NP309/645A8114_2.jpg","https://poeticajewels.com/index.php?route=product/product&product_id=165","Tara","Poetica jewels | Poetry in jewellery",24450.00 INR,in stock,165,"https://poeticajewels.com/image/catalog/products/Necklaces/NP309/645A8129.jpg,https://poeticajewels.com/image/catalog/products/Necklaces/NP309/645A8117_2.jpg","","",new,,,,,
145,"Chandrakalash Necklace Set","Shining as bright as the stars in the night sky, be ready to add shimmer to your glamorous dress for a festive look or any auspicious occasion. The finely crafted set of necklace and paired earrings with creamy pearls, green onyx and glass crystals will reflect the  light and add a glow to the glorious you.","https://poeticajewels.com/image/catalog/newnacklaces/NR + ER 546/645A8238.jpg","https://poeticajewels.com/index.php?route=product/product&product_id=145","Tara","Poetica jewels | Poetry in jewellery",44450.00 INR,in stock,145,"https://poeticajewels.com/image/catalog/newnacklaces/NR + ER 546/645A8230.jpg,https://poeticajewels.com/image/catalog/newnacklaces/NR + ER 546/645A8250.jpg,https://poeticajewels.com/image/catalog/newnacklaces/NR + ER 546/645A8245.jpg,https://poeticajewels.com/image/catalog/newnacklaces/NR + ER 546/645A8236.jpg","","",new,,,,,
139,"Choker with glasswork centrpiece","Be ready to be in the centre of limelight of any party or occasion, as this glittering choker with intricate work is bound to put the focus on you.","https://poeticajewels.com/image/catalog/newnacklaces/NP494/645A8205.jpg","https://poeticajewels.com/index.php?route=product/product&product_id=139","Tara","Poetica jewels | Poetry in jewellery",23450.00 INR,in stock,139,"https://poeticajewels.com/image/catalog/newnacklaces/NP494/645A8221.jpg,https://poeticajewels.com/image/catalog/newnacklaces/NP494/645A8212.jpg,https://poeticajewels.com/image/catalog/newnacklaces/NP494/645A8204.jpg,https://poeticajewels.com/image/catalog/newnacklaces/NP494/645A8202.jpg,https://poeticajewels.com/image/catalog/newnacklaces/NP494/645A8201.jpg,https://poeticajewels.com/image/catalog/newnacklaces/NP494/645A8200.jpg","","",new,,,,,
137,"Choker with Mango Leaf and Kalash Motifs","This delicate choker with interwoven Mango leaf and Kalash motifs symbolizing purity and prosperity would get you through the busy day on any auspicious occasion.","https://poeticajewels.com/image/catalog/newnacklaces/NP492/645A4695.jpg","https://poeticajewels.com/index.php?route=product/product&product_id=137","Tara","Poetica jewels | Poetry in jewellery",18450.00 INR,in stock,137,"https://poeticajewels.com/image/catalog/newnacklaces/NP492/645A4707.jpg,https://poeticajewels.com/image/catalog/newnacklaces/NP492/645A4701.jpg,https://poeticajewels.com/image/catalog/newnacklaces/NP492/645A4694.jpg","","",new,,,,,
136,"Choker with Multi Colour Flowers and Hoops","This classy neckpiece with beautifully crafted multi colour flowers interwoven with hoops of glorious red crystals and milky pearls is a statement piece to grace on any auspicious occasion.","https://poeticajewels.com/image/catalog/newnacklaces/NP491/645A4676.jpg","https://poeticajewels.com/index.php?route=product/product&product_id=136","Tara","Poetica jewels | Poetry in jewellery",28450.00 INR,in stock,136,"https://poeticajewels.com/image/catalog/newnacklaces/NP491/645A4690.jpg,https://poeticajewels.com/image/catalog/newnacklaces/NP491/645A4688.jpg,https://poeticajewels.com/image/catalog/newnacklaces/NP491/645A4680.jpg,https://poeticajewels.com/image/catalog/newnacklaces/NP491/645A4677.jpg","","",new,,,,,
140,"Choker with Starry Glasswork","Shining as bright as the stars in the night sky, be ready to add shimmer to your glamorous dress for a cocktail party or any auspicious occasion. The finely crafted glasswork with creamy pearls, will reflect the  light and add a glow to the glorious you.","https://poeticajewels.com/image/catalog/newnacklaces/NP495/645A4625.jpg","https://poeticajewels.com/index.php?route=product/product&product_id=140","Tara","Poetica jewels | Poetry in jewellery",29450.00 INR,in stock,140,"https://poeticajewels.com/image/catalog/newnacklaces/NP495/645A4629.jpg,https://poeticajewels.com/image/catalog/newnacklaces/NP495/645A4628.jpg,https://poeticajewels.com/image/catalog/newnacklaces/NP495/645A4626.jpg","","",new,,,,,
125,"CRESCENT DANGLERS WITH PEARLS","The creamy pearls and glistening glass beads come together beautifully to add charm to your alluring beauty. Complements your pick for a Saree or a dress, when you wear it on any auspicious occasion. ","https://poeticajewels.com/image/catalog/products/Earrings/ER 518 (Crescent Danglers with Pearls)/645A4539.jpg","https://poeticajewels.com/index.php?route=product/product&product_id=125","Tara","Poetica jewels | Poetry in jewellery",9950.00 INR,in stock,125,"https://poeticajewels.com/image/catalog/products/Earrings/ER 518 (Crescent Danglers with Pearls)/645A4555.jpg,https://poeticajewels.com/image/catalog/products/Earrings/ER 518 (Crescent Danglers with Pearls)/645A4554.jpg,https://poeticajewels.com/image/catalog/products/Earrings/ER 518 (Crescent Danglers with Pearls)/645A4545.jpg,https://poeticajewels.com/image/catalog/products/Earrings/ER 518 (Crescent Danglers with Pearls)/645A4541.jpg","","",new,,,,,
193,"CROWNING GLORY EARRINGS","You are the undisputed crowning beauty who rules his heart. His heart skips a beat when the golden glittery beads of these Crowning Glory Earrings kiss your cheeks. Perfect.","https://poeticajewels.com/image/catalog/products/Earrings/ER536/645A4370.jpg","https://poeticajewels.com/index.php?route=product/product&product_id=193","Tara","Poetica jewels | Poetry in jewellery",12450.00 INR,in stock,193,"https://poeticajewels.com/image/catalog/products/Earrings/ER536/645A4377.jpg,https://poeticajewels.com/image/catalog/products/Earrings/ER536/645A4373.jpg,https://poeticajewels.com/image/catalog/products/Earrings/ER536/645A4371.jpg","","",new,,,,,
174,"DANCING DUET PEACOCK EARRINGS","With these earrings having duet of Dancing Peacocks  let everyone know that your heart is dancing with joy on your engagement day or your best friend's wedding. Pair it with our Dancing Peacocks in a garden necklace, or flaunt it solo.","https://poeticajewels.com/image/catalog/products/Earrings/ER468/645A8113.jpg","https://poeticajewels.com/index.php?route=product/product&product_id=174","Tara","Poetica jewels | Poetry in jewellery",5950.00 INR,in stock,174,"https://poeticajewels.com/image/catalog/products/Earrings/ER468/645A8097_2.jpg","","",new,,,,,
120,"DANCING PEACOCK EARRINGS","The Peacock symbolises royalty, honour, and majestic beauty. These peacock earrings are reflective of your outer as well as inner beauty. Be ready to accept the compliments coming your way when you enter a party or a get-together with friends and family, wearing these Peacock Earrings.","https://poeticajewels.com/image/catalog/products/Earrings/ER 511 (Peacock Pearl Earrings)/645A4426.jpg","https://poeticajewels.com/index.php?route=product/product&product_id=120","Tara","Poetica jewels | Poetry in jewellery",7950.00 INR,in stock,120,"https://poeticajewels.com/image/catalog/products/Earrings/ER 511 (Peacock Pearl Earrings)/645A4434.jpg,https://poeticajewels.com/image/catalog/products/Earrings/ER 511 (Peacock Pearl Earrings)/645A4430.jpg,https://poeticajewels.com/image/catalog/products/Earrings/ER 511 (Peacock Pearl Earrings)/645A4429.jpg,https://poeticajewels.com/image/catalog/products/Earrings/ER 511 (Peacock Pearl Earrings)/645A4427.jpg","","",new,,,,,
155,"DANCING PEACOCK NECKLACE","This elegant necklace with the intricate design of magnificent Peacocks studded with ruby crystals is a beautiful addition to go with your saree or dress. The Peacocks symbolise royalty, honour, and majestic beauty. This necklace is reflective of your outer as well as inner beauty. ","https://poeticajewels.com/image/catalog/products/Necklaces/NP295/645A4803.jpg","https://poeticajewels.com/index.php?route=product/product&product_id=155","Tara","Poetica jewels | Poetry in jewellery",19450.00 INR,in stock,155,"https://poeticajewels.com/image/catalog/products/Necklaces/NP295/645A4807.jpg,https://poeticajewels.com/image/catalog/products/Necklaces/NP295/645A4801.jpg","","",new,,,,,
173,"DANCING PEACOCKS IN A GARDEN FLORAL JHUMKI","Dancing Peacocks in a garden of Ruby red roses, need you say more to let everyone know that your heart is dancing with joy on your engagement day or your best friend's wedding. Pair it with ourDancing Peacocks in a garden necklace, or flaunt it solo.","https://poeticajewels.com/image/catalog/products/Earrings/ER467/645A8027.jpg","https://poeticajewels.com/index.php?route=product/product&product_id=173","Tara","Poetica jewels | Poetry in jewellery",5950.00 INR,in stock,173,"https://poeticajewels.com/image/catalog/products/Earrings/ER467/645A8015_2.jpg","","",new,,,,,
170,"DANCING PEACOCKS IN A GARDEN NECKLACE","Dancing Peacocks in a garden of Ruby red roses, need you say more to let everyone know that your heart is dancing with joy on your engagement day or your best friend's wedding. Pair it with our Dancing Peacocks in a garden floral Jhumki, or flaunt it solo.","https://poeticajewels.com/image/catalog/products/Necklaces/NP318/645A8020.jpg","https://poeticajewels.com/index.php?route=product/product&product_id=170","Tara","Poetica jewels | Poetry in jewellery",29450.00 INR,in stock,170,"https://poeticajewels.com/image/catalog/products/Necklaces/NP318/645A8026.jpg","","",new,,,,,
121,"DANGLERS WITH FLOWER","The creamy pearls, glistening glass beads and glorious zirconium come together beautifully to add charm to your alluring beauty. Complements your pick for a Saree or a suit, when you wear it on any auspicious occasion. ","https://poeticajewels.com/image/catalog/products/Earrings/ER 512 (Danglers with Flower)/645A4351.jpg","https://poeticajewels.com/index.php?route=product/product&product_id=121","Tara","Poetica jewels | Poetry in jewellery",9950.00 INR,in stock,121,"https://poeticajewels.com/image/catalog/products/Earrings/ER 512 (Danglers with Flower)/645A4360.jpg,https://poeticajewels.com/image/catalog/products/Earrings/ER 512 (Danglers with Flower)/645A4358.jpg,https://poeticajewels.com/image/catalog/products/Earrings/ER 512 (Danglers with Flower)/645A4355.jpg,https://poeticajewels.com/image/catalog/products/Earrings/ER 512 (Danglers with Flower)/645A4354.jpg","","",new,,,,,
132,"Double Layered Multistone Chain Necklace","You are the Sun, the Moon and all the shining Stars. This necklace with multi stones would add to your magnetic charm. It is a perfect choice for your party wear to add sparkle to your Indian or western dress.","https://poeticajewels.com/image/catalog/newnacklaces/NP120/645A4790.jpg","https://poeticajewels.com/index.php?route=product/product&product_id=132","Tara","Poetica jewels | Poetry in jewellery",19450.00 INR,in stock,132,"https://poeticajewels.com/image/catalog/newnacklaces/NP120/645A4796.jpg,https://poeticajewels.com/image/catalog/newnacklaces/NP120/645A4792.jpg","","",new,,,,,
148,"DOUBLE LAYERED ROSY RED BEADED PEACOCK NECKLACE","This elegant double-layered Rosy red beaded necklace with paired Peacocks symbolises love and devotion. It's perfect to complete your look for a romantic evening or a cocktail party","https://poeticajewels.com/image/catalog/products/Necklaces/NP275/645A4879.jpg","https://poeticajewels.com/index.php?route=product/product&product_id=148","Tara","Poetica jewels | Poetry in jewellery",17450.00 INR,in stock,148,"https://poeticajewels.com/image/catalog/products/Necklaces/NP275/645A4881.jpg,https://poeticajewels.com/image/catalog/products/Necklaces/NP275/645A4880.jpg","","",new,,,,,
154,"ELEGANT CHOKER WITH GREEN CRYSTALS AND FLOWER BUDS","This elegant choker with green crystals and flower buds is perfect to pair with your beautiful saree on an auspicious occasion.","https://poeticajewels.com/image/catalog/products/Necklaces/NP294/645A4856.jpg","https://poeticajewels.com/index.php?route=product/product&product_id=154","Tara","Poetica jewels | Poetry in jewellery",14450.00 INR,in stock,154,"https://poeticajewels.com/image/catalog/products/Necklaces/NP294/645A4855.jpg,https://poeticajewels.com/image/catalog/products/Necklaces/NP294/645A4854.jpg","","",new,,,,,
146,"Estate Silver Necklace inspired by Turkmen craft.","This Estate Silver Necklace inspired by Turkmen craft symbolises harmonious amalgamation of different cultures. It represents that art and culture have no boundaries. Perfect for a true art lover.","https://poeticajewels.com/image/catalog/products/Necklaces/NP279/645A0854.jpg","https://poeticajewels.com/index.php?route=product/product&product_id=146","Tara","Poetica jewels | Poetry in jewellery",29450.00 INR,in stock,146,"https://poeticajewels.com/image/catalog/products/Necklaces/NP279/645A0858.jpg,https://poeticajewels.com/image/catalog/products/Necklaces/NP279/645A0857_2.jpg,https://poeticajewels.com/image/catalog/products/Necklaces/NP279/645A0851.jpg,https://poeticajewels.com/image/catalog/products/Necklaces/NP279/645A0860.jpg","","",new,,,,,
168,"ETHNIC SILVER NECKLACE STUDDED WITH GREEN ONYX AND SILVER AMBIYAN","This ethnic Silver Necklace studded with Green Onyx and Silver Ambiyan is a delicate and glamorous  piece. it' sassociated with prosperity and purity.","https://poeticajewels.com/image/catalog/products/Necklaces/NP315/645A4883.jpg","https://poeticajewels.com/index.php?route=product/product&product_id=168","Tara","Poetica jewels | Poetry in jewellery",12450.00 INR,in stock,168,"https://poeticajewels.com/image/catalog/products/Necklaces/NP315/645A4887.jpg,https://poeticajewels.com/image/catalog/products/Necklaces/NP315/645A4885.jpg","","",new,,,,,
134,"Ethnic Silver Necklace Studded with Green Onyx and Silver Beads","This ethnic Silver Necklace studded with Green Onyx and Silver beads is delicate yet bold and defines gracefulness.","https://poeticajewels.com/image/catalog/newnacklaces/NP313/645A4871.jpg","https://poeticajewels.com/index.php?route=product/product&product_id=134","Tara","Poetica jewels | Poetry in jewellery",18450.00 INR,in stock,134,"https://poeticajewels.com/image/catalog/newnacklaces/NP313/645A4873.jpg,https://poeticajewels.com/image/catalog/newnacklaces/NP313/645A4872.jpg","","",new,,,,,
133,"Ethnic Silver Necklace studded with Pearls and Turqouise Beads","Make a bold statement with this perfect beaded necklace. The intricate placement of turqouise beads and pearls brings out feminine grace and is a perfect combination of ethnic and modern design.","https://poeticajewels.com/image/catalog/newnacklaces/NP283/645A4843.jpg","https://poeticajewels.com/index.php?route=product/product&product_id=133","Tara","Poetica jewels | Poetry in jewellery",29450.00 INR,in stock,133,"https://poeticajewels.com/image/catalog/newnacklaces/NP283/645A4845.jpg,https://poeticajewels.com/image/catalog/newnacklaces/NP283/645A4844.jpg","","",new,,,,,
162,"FLOWER NECKLACE","Spread your happy vibes wearing this floral necklace. Pair it with your denims, jumpsuit or a saree for an effortlessly stylish look.","https://poeticajewels.com/image/catalog/products/Necklaces/NP306/645A4851.jpg","https://poeticajewels.com/index.php?route=product/product&product_id=162","Tara","Poetica jewels | Poetry in jewellery",18450.00 INR,in stock,162,"https://poeticajewels.com/image/catalog/products/Necklaces/NP306/645A4852.jpg","","",new,,,,,
185,"FLOWERS IN A GARDEN EARRINGS","On a blissful breezy morning, pair these Flowers in a Garden Earrings with your floral dress for the gossip session over the brunch with your gang of girls.","https://poeticajewels.com/image/catalog/products/Earrings/ER526/645A7808.jpg","https://poeticajewels.com/index.php?route=product/product&product_id=185","Tara","Poetica jewels | Poetry in jewellery",6450.00 INR,in stock,185,"https://poeticajewels.com/image/catalog/products/Earrings/ER526/645A7814.jpg,https://poeticajewels.com/image/catalog/products/Earrings/ER526/645A7809.jpg","","",new,,,,,
161,"GANESH LOTUS NECKLACE","This beautifully crafted necklace has Ganesh showering you with blessings. The central Lotus flower and dancing Peacocks symbolise blessings of Lakshmi for prosperity and good luck. What a wonderful way to begin the wedding rituals wearing this artistic piece. Pair it with our Ganesh Lotus Earrings, or flaunt it solo.","https://poeticajewels.com/image/catalog/products/Necklaces/NP304/645A8097_2.jpg","https://poeticajewels.com/index.php?route=product/product&product_id=161","Tara","Poetica jewels | Poetry in jewellery",44450.00 INR,in stock,161,"https://poeticajewels.com/image/catalog/products/Necklaces/NP304/645A8111.jpg,https://poeticajewels.com/image/catalog/products/Necklaces/NP304/645A8107.jpg","","",new,,,,,
138,"Glittering Necklace with Pearls and Red Beads","This glittering necklace with glorious red beads and creamy pearls is a perfect addition to your glamorous evening dress to get you ready for a cocktail party or any auspicious occasion.","https://poeticajewels.com/image/catalog/newnacklaces/NP493/645A4658.jpg","https://poeticajewels.com/index.php?route=product/product&product_id=138","Tara","Poetica jewels | Poetry in jewellery",23450.00 INR,in stock,138,"https://poeticajewels.com/image/catalog/newnacklaces/NP493/645A4674.jpg,https://poeticajewels.com/image/catalog/newnacklaces/NP493/645A4668.jpg,https://poeticajewels.com/image/catalog/newnacklaces/NP493/645A4664.jpg","","",new,,,,,
195,"GLORIOUS FLOWER STUDS WITH GREEN ONYX","These stunning Glorious green earrings with intricate patterns are the epitome of beauty. Light and breezy to wear  whole day.","https://poeticajewels.com/image/catalog/products/Earrings/ER539/645A4435.jpg","https://poeticajewels.com/index.php?route=product/product&product_id=195","Tara","Poetica jewels | Poetry in jewellery",2450.00 INR,in stock,195,"https://poeticajewels.com/image/catalog/products/Earrings/ER539/645A4449.jpg,https://poeticajewels.com/image/catalog/products/Earrings/ER539/645A4446.jpg,https://poeticajewels.com/image/catalog/products/Earrings/ER539/645A4440.jpg","","",new,,,,,
142,"Gold Plated Choker with Crystals and Golden Beads","The intricate weaving of golden beads and glorious red crystals makes you glow with its sheen. This light and comfortable choker necklace puts the spotlight on you in every party.","https://poeticajewels.com/image/catalog/newnacklaces/NP497/645A4616.jpg","https://poeticajewels.com/index.php?route=product/product&product_id=142","Tara","Poetica jewels | Poetry in jewellery",37450.00 INR,in stock,142,"https://poeticajewels.com/image/catalog/newnacklaces/NP497/645A4623.jpg,https://poeticajewels.com/image/catalog/newnacklaces/NP497/645A4617.jpg","","",new,,,,,
143,"Gold Plated Choker with Pearls, Glass and Meenakari","This modern and chic choker set with pearls, glass and enamel is your style statement when you enter a party. The elegant pearls in a row complement your grace and charm.","https://poeticajewels.com/image/catalog/newnacklaces/NP498/645A4613.jpg","https://poeticajewels.com/index.php?route=product/product&product_id=143","Tara","Poetica jewels | Poetry in jewellery",27450.00 INR,in stock,143,"https://poeticajewels.com/image/catalog/newnacklaces/NP498/645A4605.jpg,https://poeticajewels.com/image/catalog/newnacklaces/NP498/645A4615.jpg,https://poeticajewels.com/image/catalog/newnacklaces/NP498/645A4614.jpg,https://poeticajewels.com/image/catalog/newnacklaces/NP498/645A4604.jpg","","",new,,,,,
119,"GREEN MOON AND PEARLS EARRINGS","These twinkling earrings adorned with a green moon, creamy pearls and glistening glass crystals are classic yet modern. Perfect to go with your glamorous dress for a party or any auspicious occasion. ","https://poeticajewels.com/image/catalog/products/Earrings/ER 510 (Green Moon and Pearls Earrings)/645A4451.jpg","https://poeticajewels.com/index.php?route=product/product&product_id=119","Tara","Poetica jewels | Poetry in jewellery",8950.00 INR,in stock,119,"https://poeticajewels.com/image/catalog/products/Earrings/ER 510 (Green Moon and Pearls Earrings)/645A4460.jpg,https://poeticajewels.com/image/catalog/products/Earrings/ER 510 (Green Moon and Pearls Earrings)/645A4456.jpg,https://poeticajewels.com/image/catalog/products/Earrings/ER 510 (Green Moon and Pearls Earrings)/645A4454.jpg,https://poeticajewels.com/image/catalog/products/Earrings/ER 510 (Green Moon and Pearls Earrings)/645A4453.jpg","","",new,,,,,
129,"GREEN MOON DANGLERS","These moon shaped green onyx danglers studded with glass are a glorious combination of serenity and shine. Green Onyx is a symbol of restfulness and purity and this makes it perfect wear for any auspicious occasion.","https://poeticajewels.com/image/catalog/products/Earrings/ER 542 (Green Moon Danglers)/645A4406.jpg","https://poeticajewels.com/index.php?route=product/product&product_id=129","Tara","Poetica jewels | Poetry in jewellery",7450.00 INR,in stock,129,"https://poeticajewels.com/image/catalog/products/Earrings/ER 542 (Green Moon Danglers)/645A4413.jpg,https://poeticajewels.com/image/catalog/products/Earrings/ER 542 (Green Moon Danglers)/645A4410.jpg,https://poeticajewels.com/image/catalog/products/Earrings/ER 542 (Green Moon Danglers)/645A4407.jpg,https://poeticajewels.com/image/catalog/products/Earrings/ER 542 (Green Moon Danglers)/645A4409.jpg","","",new,,,,,
198,"GREEN ONYX FLOWER EARRINGS","These elegant green Onyx Jhumkis are your go-to pieces when you need to feel as fresh as a flower through your busy day on an auspicious occasion. ","https://poeticajewels.com/image/catalog/products/Earrings/ER544/645A4396.jpg","https://poeticajewels.com/index.php?route=product/product&product_id=198","Tara","Poetica jewels | Poetry in jewellery",4950.00 INR,in stock,198,"https://poeticajewels.com/image/catalog/products/Earrings/ER544/645A4405.jpg,https://poeticajewels.com/image/catalog/products/Earrings/ER544/645A4402.jpg,https://poeticajewels.com/image/catalog/products/Earrings/ER544/645A4398.jpg","","",new,,,,,
188,"HEART OF GOLD EARRINGS","Passion is your guiding light in whatever you do. You bring so much positivity with your radiant presence and these dual tone Heart of Gold Earrings with dazzling blue crystals and creamy pearls are perfect to spread your luminous charm.","https://poeticajewels.com/image/catalog/products/Earrings/ER529/645A7733.jpg","https://poeticajewels.com/index.php?route=product/product&product_id=188","Tara","Poetica jewels | Poetry in jewellery",14450.00 INR,in stock,188,"https://poeticajewels.com/image/catalog/products/Earrings/ER529/645A7737.jpg,https://poeticajewels.com/image/catalog/products/Earrings/ER529/645A7735.jpg,https://poeticajewels.com/image/catalog/products/Earrings/ER529/645A7734.jpg","","",new,,,,,
186,"HEART OF PEACOCK EARRINGS","When you want the world to know how beautifully you complete each other, declare your love with these Heart of Peacock Earrings. ","https://poeticajewels.com/image/catalog/products/Earrings/ER527/645A7772.jpg","https://poeticajewels.com/index.php?route=product/product&product_id=186","Tara","Poetica jewels | Poetry in jewellery",11450.00 INR,in stock,186,"https://poeticajewels.com/image/catalog/products/Earrings/ER527/645A7777.jpg,https://poeticajewels.com/image/catalog/products/Earrings/ER527/645A7774.jpg,https://poeticajewels.com/image/catalog/products/Earrings/ER527/645A7773.jpg","","",new,,,,,
128,"INTRICATE FLORAL WORK JHUMKI","The creamy pearls and glistening Golden beads come together beautifully in dual tone of silver and gold to add charm to your alluring beauty. Complements your pick for a Saree or a dress, when you wear it on any auspicious occasion. ","https://poeticajewels.com/image/catalog/products/Earrings/ER 535 (Intricate Floral work Jhumki)/645A8178.jpg","https://poeticajewels.com/index.php?route=product/product&product_id=128","Tara","Poetica jewels | Poetry in jewellery",22450.00 INR,in stock,128,"https://poeticajewels.com/image/catalog/products/Earrings/ER 535 (Intricate Floral work Jhumki)/645A8166.jpg,https://poeticajewels.com/image/catalog/products/Earrings/ER 535 (Intricate Floral work Jhumki)/645A8181.jpg","","",new,,,,,
159,"KRISHNA LOVER NECKLACE","He is mesmerizing, enchanting, captivating, charming and you know we are talking about Krishna. You wear this and let the conversation flow on how you have stolen everyone's heart with this piece of art just the way Krishna did with his music.   ","https://poeticajewels.com/image/catalog/products/Necklaces/NP302/645A4841.jpg","https://poeticajewels.com/index.php?route=product/product&product_id=159","Tara","Poetica jewels | Poetry in jewellery",19450.00 INR,in stock,159,"https://poeticajewels.com/image/catalog/products/Necklaces/NP302/645A4840.jpg,https://poeticajewels.com/image/catalog/products/Necklaces/NP302/645A4839.jpg","","",new,,,,,
141,"Krishnaleela Choker","A picture speaks a thousand words and so does this Krishnaleela Choker. Krishna is considered an epitome of love, compassion and wisdom. You make a statement with this Krishnaleela Choker when you arrive at any party or an auspicious gathering . People can't help but be smitten by your charm, as charismatic as divine Krishna.","https://poeticajewels.com/image/catalog/newnacklaces/NP496/645A4640.jpg","https://poeticajewels.com/index.php?route=product/product&product_id=141","Tara","Poetica jewels | Poetry in jewellery",49450.00 INR,in stock,141,"https://poeticajewels.com/image/catalog/newnacklaces/NP496/645A4655.jpg,https://poeticajewels.com/image/catalog/newnacklaces/NP496/645A4652.jpg,https://poeticajewels.com/image/catalog/newnacklaces/NP496/645A4650.jpg,https://poeticajewels.com/image/catalog/newnacklaces/NP496/645A4646.jpg,https://poeticajewels.com/image/catalog/newnacklaces/NP496/645A4645.jpg","","",new,,,,,
202,"LABORITE STUDDED RECTANGULAR EARRINGS","These Rectangular Drop Earrings studded with Laborite are subtle yet bold. Glow in the aura it creates whenever you enter a party.","https://poeticajewels.com/image/catalog/products/Earrings/ER082/P2_3.jpg","https://poeticajewels.com/index.php?route=product/product&product_id=202","Jiya","Poetica jewels | Poetry in jewellery",6450.00 INR,in stock,202,"https://poeticajewels.com/image/catalog/products/Earrings/ER082/P2_1.jpg,https://poeticajewels.com/image/catalog/products/Earrings/ER082/P2_2.jpg,https://poeticajewels.com/image/catalog/products/Earrings/ER082/645A0237-1125.jpg","","",new,,,,,
160,"LAKSHMI COIN NECKLACE","Lakshmi is associated with prosperity and good luck. Wear this Lakshmi necklace on the auspicious occasion for her blessings. It’s so light to wear to take you through a busy day all along. Perfect for gifting on baby showers and weddings.","https://poeticajewels.com/image/catalog/products/Necklaces/NP303/645A4847.jpg","https://poeticajewels.com/index.php?route=product/product&product_id=160","Tara","Poetica jewels | Poetry in jewellery",12450.00 INR,in stock,160,"https://poeticajewels.com/image/catalog/products/Necklaces/NP303/645A4849.jpg,https://poeticajewels.com/image/catalog/products/Necklaces/NP303/645A4848.jpg","","",new,,,,,
175,"LAKSHMI VILAS EARRINGS","Lakshmi is associated with good luck and prosperity. Set on a Lotus along with the dancing Peacocks she comes your way showering her blessings. Perfect Diwali gift for your beloved or at weddings. Pair it with our Lakshmi Vilas Necklace to complete your look.","https://poeticajewels.com/image/catalog/products/Earrings/ER469/645A8006.jpg","https://poeticajewels.com/index.php?route=product/product&product_id=175","Tara","Poetica jewels | Poetry in jewellery",4950.00 INR,in stock,175,"https://poeticajewels.com/image/catalog/products/Earrings/ER469/645A7992_2.jpg","","",new,,,,,
169,"LAKSHMI VILAS NECKLACE","Lakshmi is associated with good luck and prosperity. Set on a Lotus along with the dancing Peacocks she comes your way showering her blessings. Perfect Diwali gift for your beloved or wear at weddings. Pair it with our Lakshmi Vilas Earrings to complete your look.","https://poeticajewels.com/image/catalog/products/Necklaces/NP316/645A4808.jpg","https://poeticajewels.com/index.php?route=product/product&product_id=169","Tara","Poetica jewels | Poetry in jewellery",34450.00 INR,in stock,169,"https://poeticajewels.com/image/catalog/products/Necklaces/NP316/645A4812.jpg,https://poeticajewels.com/image/catalog/products/Necklaces/NP316/645A4811.jpg,https://poeticajewels.com/image/catalog/products/Necklaces/NP316/645A4814.jpg","","",new,,,,,
149,"LAXMI GANESHA PENDANT LONG NECKLACE","This artistically crafted Laxmi Ganesha long necklace with intricate floral patterns reflects your love for the rich culture. Laxmi is associated with prosperity and wealth and Ganesh is the god of intellect and wisdom. This makes it a memorable gift for weddings or birthdays. Perfect to go with your graceful saree or dress for an auspicious occasion.","https://poeticajewels.com/image/catalog/products/Necklaces/NP280/645A4868.jpg","https://poeticajewels.com/index.php?route=product/product&product_id=149","Tara","Poetica jewels | Poetry in jewellery",49450.00 INR,in stock,149,"https://poeticajewels.com/image/catalog/products/Necklaces/NP280/645A4870.jpg,https://poeticajewels.com/image/catalog/products/Necklaces/NP280/645A4869.jpg","","",new,,,,,
203,"LONG DROP EARRINGS WITH ROW OF PEARLS","Give everyone Princess vibes with these Pearl Hoop Earrings","https://poeticajewels.com/image/catalog/products/Earrings/ER087/645A0383-1125.jpg","https://poeticajewels.com/index.php?route=product/product&product_id=203","Jiya","Poetica jewels | Poetry in jewellery",3450.00 INR,in stock,203,"https://poeticajewels.com/image/catalog/products/Earrings/ER087/645A0382-1125.jpg","","",new,,,,,
180,"LOVING HEART EARRINGS"," Express your love and joy by pairing these pearl earrings with your ethnic or modern attire.","https://poeticajewels.com/image/catalog/products/Earrings/ER521/645A7786.jpg","https://poeticajewels.com/index.php?route=product/product&product_id=180","Tara","Poetica jewels | Poetry in jewellery",7450.00 INR,in stock,180,"https://poeticajewels.com/image/catalog/products/Earrings/ER521/645A7791.jpg,https://poeticajewels.com/image/catalog/products/Earrings/ER521/645A7789.jpg,https://poeticajewels.com/image/catalog/products/Earrings/ER521/645A7787.jpg","","",new,,,,,
122,"LUMINOUS BLUE MOON EARRINGS","These Luminous Blue Moon Earrings studded with twinkling glass beads are perfect to add to your glamour when you dress up for a cocktail party or a family function.","https://poeticajewels.com/image/catalog/products/Earrings/ER 513 (Luminous Blue Moon Earrings)/645A4528.jpg","https://poeticajewels.com/index.php?route=product/product&product_id=122","Tara","Poetica jewels | Poetry in jewellery",7450.00 INR,in stock,122,"https://poeticajewels.com/image/catalog/products/Earrings/ER 513 (Luminous Blue Moon Earrings)/645A4538.jpg,https://poeticajewels.com/image/catalog/products/Earrings/ER 513 (Luminous Blue Moon Earrings)/645A4536.jpg,https://poeticajewels.com/image/catalog/products/Earrings/ER 513 (Luminous Blue Moon Earrings)/645A4533.jpg,https://poeticajewels.com/image/catalog/products/Earrings/ER 513 (Luminous Blue Moon Earrings)/645A4532.jpg","","",new,,,,,
151,"MAGNIFICENT VISHNU NECKLACE","This awe-inspiring magnificent Vishnu necklace speaks about your spiritual side. Vishnu is the preserver and protector of the universe. This makes it a memorable gift for weddings or birthdays. Perfect to go with your graceful saree or dress for an auspicious occasion.","https://poeticajewels.com/image/catalog/products/Necklaces/NP284/645A4830.jpg","https://poeticajewels.com/index.php?route=product/product&product_id=151","Tara","Poetica jewels | Poetry in jewellery",31450.00 INR,in stock,151,"https://poeticajewels.com/image/catalog/products/Necklaces/NP284/645A4835.jpg,https://poeticajewels.com/image/catalog/products/Necklaces/NP284/645A4833.jpg","","",new,,,,,
156,"MAJESTIC ELEPHANT NECKLACE","The grandeur of this majestic Elephant necklace with intricate floral work announces your arrival at the party. Wear it for your Sangeet ceremony or your best friend's wedding and dance your heart out.","https://poeticajewels.com/image/catalog/products/Necklaces/NP297/645A4740.jpg","https://poeticajewels.com/index.php?route=product/product&product_id=156","Tara","Poetica jewels | Poetry in jewellery",39450.00 INR,in stock,156,"https://poeticajewels.com/image/catalog/products/Necklaces/NP297/645A4750.jpg,https://poeticajewels.com/image/catalog/products/Necklaces/NP297/645A4749.jpg","","",new,,,,,
166,"MAJESTIC PEACOCKS AND ELEPHANTS NECKLACE","The Peacocks and the Elephants would mesmerize everyone with the intricate work. This beautiful and sophisticated choker is perfect to layer with our “Pride of Peacocks” necklace to complete your Bridal look.","https://poeticajewels.com/image/catalog/products/Necklaces/NP310/645A4780.jpg","https://poeticajewels.com/index.php?route=product/product&product_id=166","Tara","Poetica jewels | Poetry in jewellery",39450.00 INR,in stock,166,"https://poeticajewels.com/image/catalog/products/Necklaces/NP310/645A4785.jpg,https://poeticajewels.com/image/catalog/products/Necklaces/NP310/645A4783.jpg,https://poeticajewels.com/image/catalog/products/Necklaces/NP310/645A4782.jpg","","",new,,,,,
126,"MOON SHAPED DANGLERS WITH FLOWER","The creamy pearls and glistening glass beads in glorious pink and green  come together beautifully to add charm to your alluring beauty. Complements your pick for a Saree or a dress, when you wear it on any auspicious occasion. ","https://poeticajewels.com/image/catalog/products/Earrings/ER 520 (Moon Shaped danglers with Flower)/645A4414.jpg","https://poeticajewels.com/index.php?route=product/product&product_id=126","Tara","Poetica jewels | Poetry in jewellery",11450.00 INR,in stock,126,"https://poeticajewels.com/image/catalog/products/Earrings/ER 520 (Moon Shaped danglers with Flower)/645A4425.jpg,https://poeticajewels.com/image/catalog/products/Earrings/ER 520 (Moon Shaped danglers with Flower)/645A4423.jpg,https://poeticajewels.com/image/catalog/products/Earrings/ER 520 (Moon Shaped danglers with Flower)/645A4421.jpg,https://poeticajewels.com/image/catalog/products/Earrings/ER 520 (Moon Shaped danglers with Flower)/645A4417.jpg","","",new,,,,,
157,"NARGIS NECKLACE","Give a modern spin to your traditional attire wearing this floral Nargis necklace with a funky Owl pendant. This one is sure to get everyone talking about your unique style.","https://poeticajewels.com/image/catalog/products/Necklaces/NP298/645A4862.jpg","https://poeticajewels.com/index.php?route=product/product&product_id=157","Tara","Poetica jewels | Poetry in jewellery",19450.00 INR,in stock,157,"https://poeticajewels.com/image/catalog/products/Necklaces/NP298/645A4866.jpg,https://poeticajewels.com/image/catalog/products/Necklaces/NP298/645A4863.jpg","","",new,,,,,
179,"NIGHT BLUE FLOWER DANGLERS","Add your glimmer and glint to a romantic evening when you pair these Night Blue Flower Danglers with your fav LBD or an off-shoulder top.","https://poeticajewels.com/image/catalog/products/Earrings/ER506/645A7740.jpg","https://poeticajewels.com/index.php?route=product/product&product_id=179","Tara","Poetica jewels | Poetry in jewellery",3450.00 INR,in stock,179,"https://poeticajewels.com/image/catalog/products/Earrings/ER506/645A7746.jpg,https://poeticajewels.com/image/catalog/products/Earrings/ER506/645A7743.jpg,https://poeticajewels.com/image/catalog/products/Earrings/ER506/645A7741.jpg","","",new,,,,,
118,"PEACOCK PEARL EARRINGS","The Peacock symbolises royalty, honour and majestic beauty. These peacock earrings are reflective of your outer as well as inner beauty. Be ready to accept the complements coming your way when you enter a party or a get together with friends and family, wearing these Peacock Earrings.","https://poeticajewels.com/image/catalog/products/Earrings/ER 509 (Peacock Pearl Earrings)/645A4389.jpg","https://poeticajewels.com/index.php?route=product/product&product_id=118","Tara","Poetica jewels | Poetry in jewellery",12450.00 INR,in stock,118,"https://poeticajewels.com/image/catalog/products/Earrings/ER 509 (Peacock Pearl Earrings)/645A4395.jpg,https://poeticajewels.com/image/catalog/products/Earrings/ER 509 (Peacock Pearl Earrings)/645A4394.jpg,https://poeticajewels.com/image/catalog/products/Earrings/ER 509 (Peacock Pearl Earrings)/645A4392.jpg,https://poeticajewels.com/image/catalog/products/Earrings/ER 509 (Peacock Pearl Earrings)/645A4390.jpg","","",new,,,,,
144,"Peacock Pearl Necklace","The Peacock symbolises royalty, honour and majestic beauty. This long pearl necklace is reflective of your outer as well as inner beauty. Be ready to accept the complements coming your way when you enter a party or a get together with friends and family, wearing this Peacock Necklace.","https://poeticajewels.com/image/catalog/newnacklaces/NP500/645A4760.jpg","https://poeticajewels.com/index.php?route=product/product&product_id=144","Tara","Poetica jewels | Poetry in jewellery",21450.00 INR,in stock,144,"https://poeticajewels.com/image/catalog/newnacklaces/NP500/645A4763.jpg,https://poeticajewels.com/image/catalog/newnacklaces/NP500/645A4762.jpg,https://poeticajewels.com/image/catalog/newnacklaces/NP500/645A4759.jpg,https://poeticajewels.com/image/catalog/newnacklaces/NP500/645A4754.jpg","","",new,,,,,
197,"PEARL AND BLUE ENAMEL CRESCENT DANGLERS","The creamy pearls compliment the sky blue enamel-like clouds to the open blue skies. Pair it with your denims, jumpsuit, or ethnic attire and breeze through the day. ","https://poeticajewels.com/image/catalog/products/Earrings/ER541/645A4590.jpg","https://poeticajewels.com/index.php?route=product/product&product_id=197","Tara","Poetica jewels | Poetry in jewellery",5950.00 INR,in stock,197,"https://poeticajewels.com/image/catalog/products/Earrings/ER541/645A4594.jpg,https://poeticajewels.com/image/catalog/products/Earrings/ER541/645A4593.jpg,https://poeticajewels.com/image/catalog/products/Earrings/ER541/645A4592.jpg","","",new,,,,,
194,"PEARLY DANGLERS WITH HAND-PAINTED GANESH","These glowing danglers with creamy pearls and hand-painted Ganesh are perfect to go with your traditional attire on an auspicious occasion. But you make a statement by pairing them with your denims and a white shirt.","https://poeticajewels.com/image/catalog/products/Earrings/ER538/645A4491.jpg","https://poeticajewels.com/index.php?route=product/product&product_id=194","Tara","Poetica jewels | Poetry in jewellery",11450.00 INR,in stock,194,"https://poeticajewels.com/image/catalog/products/Earrings/ER538/645A4502.jpg,https://poeticajewels.com/image/catalog/products/Earrings/ER538/645A4499.jpg,https://poeticajewels.com/image/catalog/products/Earrings/ER538/645A4497.jpg","","",new,,,,,
153,"PRIDE OF PEACOCKS NECKLACE","It's your big day and your heart is dancing with joy. The pride of peacocks in this necklace joins you in your jubilant moment. Goddess Lakshmi is associated with good luck and prosperity showering upon you her blessings.  ","https://poeticajewels.com/image/catalog/products/Necklaces/NP293/645A4726.jpg","https://poeticajewels.com/index.php?route=product/product&product_id=153","Tara","Poetica jewels | Poetry in jewellery",69450.00 INR,in stock,153,"https://poeticajewels.com/image/catalog/products/Necklaces/NP293/645A4722.jpg,https://poeticajewels.com/image/catalog/products/Necklaces/NP293/645A4720.jpg,https://poeticajewels.com/image/catalog/products/Necklaces/NP293/645A4719.jpg","","",new,,,,,
190,"QUEEN OF GLOW EARRINGS","When you arrive at a party, these Queen of Glow Earrings announce your arrival with a luminous glow.","https://poeticajewels.com/image/catalog/products/Earrings/ER532/645A4347.jpg","https://poeticajewels.com/index.php?route=product/product&product_id=190","Tara","Poetica jewels | Poetry in jewellery",11450.00 INR,in stock,190,"https://poeticajewels.com/image/catalog/products/Earrings/ER532/645A4341.jpg,https://poeticajewels.com/image/catalog/products/Earrings/ER532/645A4340.jpg,https://poeticajewels.com/image/catalog/products/Earrings/ER532/645A4336.jpg","","",new,,,,,
187,"QUEEN OF HEARTS EARRINGS","When you are head over heels in love, the world seems upside down. With these dual tone  Queen of Hearts Earrings, let the world know you rule his heart.","https://poeticajewels.com/image/catalog/products/Earrings/ER528/645A7747.jpg","https://poeticajewels.com/index.php?route=product/product&product_id=187","Tara","Poetica jewels | Poetry in jewellery",11450.00 INR,in stock,187,"https://poeticajewels.com/image/catalog/products/Earrings/ER528/645A7755.jpg,https://poeticajewels.com/image/catalog/products/Earrings/ER528/645A7750.jpg,https://poeticajewels.com/image/catalog/products/Earrings/ER528/645A7748.jpg","","",new,,,,,
131,"RADIANT LOTUS RING","This alluring ring set with glorious green and rosy red crystals in elegant floral design add beauty effortlessly to your pretty fingers. Complete the look with matching necklace, earrings and bangles from our Chanda collection","https://poeticajewels.com/image/catalog/products/Rings/RG 507 (Radiant Lotus Ring)/645A8169.jpg","https://poeticajewels.com/index.php?route=product/product&product_id=131","Tara","Poetica jewels | Poetry in jewellery",1950.00 INR,in stock,131,"https://poeticajewels.com/image/catalog/products/Rings/RG 507 (Radiant Lotus Ring)/645A8188.jpg,https://poeticajewels.com/image/catalog/products/Rings/RG 507 (Radiant Lotus Ring)/645A8185.jpg,https://poeticajewels.com/image/catalog/products/Rings/RG 507 (Radiant Lotus Ring)/645A8184.jpg","","",new,,,,,
117,"Red and Green Floral Motif Bangles","This elegant pair of Bangles adorned with Red and Green crystals set in a flower pattern is perfect to complete your look for a party or an auspicious occasion","https://poeticajewels.com/image/catalog/products/Bangles/BG 503 (Red and White Twin Drop Bangles)/645A8170.jpg","https://poeticajewels.com/index.php?route=product/product&product_id=117","Bangles","Poetica jewels | Poetry in jewellery",23450.00 INR,in stock,117,"https://poeticajewels.com/image/catalog/products/Bangles/BG 503 (Red and White Twin Drop Bangles)/645A8192.jpg,https://poeticajewels.com/image/catalog/products/Bangles/BG 503 (Red and White Twin Drop Bangles)/645A8193.jpg,https://poeticajewels.com/image/catalog/products/Bangles/BG 503 (Red and White Twin Drop Bangles)/645A8189.jpg,https://poeticajewels.com/image/catalog/products/Bangles/BG 503 (Red and White Twin Drop Bangles)/645A8173.jpg","","",new,,,,,
115,"RED AND WHITE DROP BANGLE","This elegant Bangle adorned with White and Red crystals is perfect to complete your look for a party or an auspicious occasion.","https://poeticajewels.com/image/catalog/products/Bangles/BG 501 (Red and White Drop Bangle)/645A8142.jpg","https://poeticajewels.com/index.php?route=product/product&product_id=115","Bangles","Poetica jewels | Poetry in jewellery",12450.00 INR,in stock,115,"https://poeticajewels.com/image/catalog/products/Bangles/BG 501 (Red and White Drop Bangle)/645A8144.jpg","","",new,,,,,
116,"Red and White Twin Drop Bangles","This elegant pair of Bangles adorned with White and Red crystals is perfect to complete your look for a party or an auspicious occasion ","https://poeticajewels.com/image/catalog/products/Bangles/BG 502 (Red and Green Floral Motif Bangles)/645A8138.jpg","https://poeticajewels.com/index.php?route=product/product&product_id=116","Bangles","Poetica jewels | Poetry in jewellery",27450.00 INR,in stock,116,"https://poeticajewels.com/image/catalog/products/Bangles/BG 502 (Red and Green Floral Motif Bangles)/645A8136.jpg,https://poeticajewels.com/image/catalog/products/Bangles/BG 502 (Red and Green Floral Motif Bangles)/645A8134.jpg","","",new,,,,,
181,"ROSY RED FLOWER EARRINGS"," These finely-crafted Rosy Red Flower Earrings are enough to turn heads around when the rosy beads add that flushed tint to the glorious you.","https://poeticajewels.com/image/catalog/products/Earrings/ER522/645A7779.jpg","https://poeticajewels.com/index.php?route=product/product&product_id=181","Tara","Poetica jewels | Poetry in jewellery",10450.00 INR,in stock,181,"https://poeticajewels.com/image/catalog/products/Earrings/ER522/645A7785.jpg,https://poeticajewels.com/image/catalog/products/Earrings/ER522/645A7783.jpg,https://poeticajewels.com/image/catalog/products/Earrings/ER522/645A7781.jpg","","",new,,,,,
123,"ROSY RED MOON HOOP EARRINGS","Red is associated with passion, love and beauty. There is one moon in the sky, and with these earrings, two on you. No one can match the glow on face with these radiant hoop earrings, when you arrive at a party or on an auspicious occasion.","https://poeticajewels.com/image/catalog/products/Earrings/ER 514 (Rosy Red Moon Hoop Earrings)/645A4562.jpg","https://poeticajewels.com/index.php?route=product/product&product_id=123","Tara","Poetica jewels | Poetry in jewellery",8950.00 INR,in stock,123,"https://poeticajewels.com/image/catalog/products/Earrings/ER 514 (Rosy Red Moon Hoop Earrings)/645A4567.jpg,https://poeticajewels.com/image/catalog/products/Earrings/ER 514 (Rosy Red Moon Hoop Earrings)/645A4565.jpg,https://poeticajewels.com/image/catalog/products/Earrings/ER 514 (Rosy Red Moon Hoop Earrings)/645A4564.jpg,https://poeticajewels.com/image/catalog/products/Earrings/ER 514 (Rosy Red Moon Hoop Earrings)/645A4563.jpg","","",new,,,,,
182,"ROYAL RED DROP EARRINGS"," These finely-crafted Royal Red Drop Earrings are enough to turn heads around when the rosy beads add that flushed tint to the glorious you.","https://poeticajewels.com/image/catalog/products/Earrings/ER523/645A7792.jpg","https://poeticajewels.com/index.php?route=product/product&product_id=182","Tara","Poetica jewels | Poetry in jewellery",7450.00 INR,in stock,182,"https://poeticajewels.com/image/catalog/products/Earrings/ER523/645A7798.jpg,https://poeticajewels.com/image/catalog/products/Earrings/ER523/645A7795.jpg,https://poeticajewels.com/image/catalog/products/Earrings/ER523/645A7793.jpg","","",new,,,,,
164,"SEVEN LAYERED CHOKER WITH INTRICATE FLORAL MOTIF","There are seven seas, seven skies, seven lives, seven colours in a rainbow, and seven are the layers in this choker to accompany you when you take “saat-phere” holding his hand for this life and beyond. Pair it with our seven-layered floral Danglers to complete your Bridal look, or flaunt it solo.","https://poeticajewels.com/image/catalog/products/Necklaces/NP308/645A4816.jpg","https://poeticajewels.com/index.php?route=product/product&product_id=164","Tara","Poetica jewels | Poetry in jewellery",49450.00 INR,in stock,164,"https://poeticajewels.com/image/catalog/products/Necklaces/NP308/645A4827.jpg,https://poeticajewels.com/image/catalog/products/Necklaces/NP308/645A4823.jpg,https://poeticajewels.com/image/catalog/products/Necklaces/NP308/645A4818.jpg","","",new,,,,,
172,"SEVEN LAYERED FLORAL DANGLERS","There are seven seas, seven skies, seven lives, seven colours in a rainbow, and seven are the layers in this choker to accompany you when you take “saat-phere” holding his hand for this life and beyond. Pair it with our Seven layered Choker with intricate floral motif to complete your Bridal look, or flaunt it solo. ","https://poeticajewels.com/image/catalog/products/Earrings/ER296/645A8073.jpg","https://poeticajewels.com/index.php?route=product/product&product_id=172","Tara","Poetica jewels | Poetry in jewellery",9950.00 INR,in stock,172,"https://poeticajewels.com/image/catalog/products/Earrings/ER296/645A8058_2.jpg","","",new,,,,,
152,"SILVER BEADED NECKLACE WITH MAROON STRING","This funky necklace with big silver beads is a fun addition for an evening out with your Bff. Pair it with your denims or an Indian dress to add to your cool vibes.","https://poeticajewels.com/image/catalog/products/Necklaces/NP291/645A4875.jpg","https://poeticajewels.com/index.php?route=product/product&product_id=152","Tara","Poetica jewels | Poetry in jewellery",11950.00 INR,in stock,152,"https://poeticajewels.com/image/catalog/products/Necklaces/NP291/645A4876.jpg,https://poeticajewels.com/image/catalog/products/Necklaces/NP291/645A4877.jpg","","",new,,,,,
205,"SILVER FLOWER WITH TURQOUISE DROP","These blooming flowers with intricate work and a dainty drop of turquoise are light to wear all day long.","https://poeticajewels.com/image/catalog/products/Earrings/ER095/P5_2.jpg","https://poeticajewels.com/index.php?route=product/product&product_id=205","Jiya","Poetica jewels | Poetry in jewellery",3450.00 INR,in stock,205,"https://poeticajewels.com/image/catalog/products/Earrings/ER095/P5_1.jpg,https://poeticajewels.com/image/catalog/products/Earrings/ER095/P5_3.jpg,https://poeticajewels.com/image/catalog/products/Earrings/ER095/645A0563-1125.jpg","","",new,,,,,
191,"SWINGING MOON DANGLERS","Dress it up and lighten up the night sky with our Swinging Moon Danglers. Pair these with an embroidered saree for that royal look. ","https://poeticajewels.com/image/catalog/products/Earrings/ER533/645A4326.jpg","https://poeticajewels.com/index.php?route=product/product&product_id=191","Tara","Poetica jewels | Poetry in jewellery",12450.00 INR,in stock,191,"https://poeticajewels.com/image/catalog/products/Earrings/ER533/645A4334-Edit.jpg,https://poeticajewels.com/image/catalog/products/Earrings/ER533/645A4333.jpg,https://poeticajewels.com/image/catalog/products/Earrings/ER533/645A4331.jpg","","",new,,,,,
183,"THREE SILVER DROP EARRINGS","Sometimes, minimal is your statement. Look gorgeous with these pretty Three Silver Drop Earrings on a busy day. ","https://poeticajewels.com/image/catalog/products/Earrings/ER524/645A7799.jpg","https://poeticajewels.com/index.php?route=product/product&product_id=183","Tara","Poetica jewels | Poetry in jewellery",4950.00 INR,in stock,183,"https://poeticajewels.com/image/catalog/products/Earrings/ER524/645A7806.jpg,https://poeticajewels.com/image/catalog/products/Earrings/ER524/645A7802.jpg","","",new,,,,,
147,"Traditional Silver Necklace studded with pearls","This Traditional Silver Necklace studded with pearls showcases your love for simplicity and grace. Perfect for parties and festivities.","https://poeticajewels.com/image/catalog/products/Necklaces/NP300/645A0863.jpg","https://poeticajewels.com/index.php?route=product/product&product_id=147","Tara","Poetica jewels | Poetry in jewellery",14450.00 INR,in stock,147,"https://poeticajewels.com/image/catalog/products/Necklaces/NP300/NP-300.JPG,https://poeticajewels.com/image/catalog/products/Necklaces/NP300/645A0869_2.jpg","","",new,,,,,
171,"TURQUOISE CHOKER","The rows of ocean blue turquoise beads would take your cool quotient notches up. Pair it with matching turquoise hoop earrings from our Tara collection to complete your Diva look.","https://poeticajewels.com/image/catalog/products/Necklaces/NP508/645A4769.jpg","https://poeticajewels.com/index.php?route=product/product&product_id=171","Tara","Poetica jewels | Poetry in jewellery",24450.00 INR,in stock,171,"https://poeticajewels.com/image/catalog/products/Necklaces/NP508/645A4771.jpg,https://poeticajewels.com/image/catalog/products/Necklaces/NP508/645A4776.jpg,https://poeticajewels.com/image/catalog/products/Necklaces/NP508/645A4765.jpg","","",new,,,,,
158,"VENKATASWARA NECKLACE","This statement necklace with a stunning Venkateshwara centrepiece is perfect to adorn on your wedding day. He is the protector and blesses you with love and prosperity. Layer it with our Lakshmi Vilas necklace and Lakshmi Vilas earrings to complete your look.","https://poeticajewels.com/image/catalog/products/Necklaces/NP301/645A8001_2.jpg","https://poeticajewels.com/index.php?route=product/product&product_id=158","Tara","Poetica jewels | Poetry in jewellery",49450.00 INR,in stock,158,"https://poeticajewels.com/image/catalog/products/Necklaces/NP301/645A8005.jpg,https://poeticajewels.com/image/catalog/products/Necklaces/NP301/645A8003.jpg,https://poeticajewels.com/image/catalog/products/Necklaces/NP301/645A7999_2.jpg","","",new,,,,,
